-- Data Of The movies Table : 

INSERT INTO movies VALUES
(1,'Inception','Sci-Fi',2010),
(2,'Titanic','Romance',1997),
(3,'The Dark Knight','Action',2008),
(4,'Avengers: Endgame','Action',2019),
(5,'Interstellar','Sci-Fi',2014),
(6,'3 Idiots','Drama',2009),
(7,'Dangal','Drama',2016),
(8,'Joker','Thriller',2019),
(9,'Parasite','Thriller',2019),
(10,'The Matrix','Sci-Fi',1999),
(11,'Gladiator','Action',2000),
(12,'La La Land','Romance',2016),
(13,'PK','Comedy',2014),
(14,'ZNMD','Drama',2011),
(15,'Fight Club','Drama',1999),
(16,'Forrest Gump','Drama',1994),
(17,'Shutter Island','Thriller',2010),
(18,'The Prestige','Drama',2006),
(19,'Whiplash','Drama',2014),
(20,'The Godfather','Crime',1972),
(21,'The Godfather Part II','Crime',1974),
(22,'The Shawshank Redemption','Drama',1994),
(23,'The Lion King','Animation',1994),
(24,'Toy Story','Animation',1995),
(25,'Frozen','Animation',2013),
(26,'Black Panther','Action',2018),
(27,'Iron Man','Action',2008),
(28,'Doctor Strange','Sci-Fi',2016),
(29,'Spider-Man: No Way Home','Action',2021),
(30,'RRR','Action',2022),
(31,'Baahubali','Action',2015),
(32,'Baahubali 2','Action',2017),
(33,'KGF','Action',2018),
(34,'KGF 2','Action',2022),
(35,'Pushpa','Action',2021),
(36,'Drishyam','Thriller',2015),
(37,'Drishyam 2','Thriller',2022),
(38,'Andhadhun','Thriller',2018),
(39,'Article 15','Crime',2019),
(40,'Gully Boy','Drama',2019),
(41,'Tamasha','Drama',2015),
(42,'Rockstar','Drama',2011),
(43,'Yeh Jawaani Hai Deewani','Drama',2013),
(44,'Kabir Singh','Drama',2019),
(45,'Dil Chahta Hai','Drama',2001),
(46,'Chhichhore','Drama',2019),
(47,'Barfi','Drama',2012),
(48,'Queen','Drama',2013),
(49,'Lunchbox','Drama',2013),
(50,'English Vinglish','Drama',2012);


-- Data Of users Table : 

INSERT INTO users VALUES
(1,'Rahul Sharma',23,'India'),
(2,'Sneha Patil',25,'India'),
(3,'John Smith',30,'USA'),
(4,'Emma Watson',28,'UK'),
(5,'Amit Verma',35,'India'),
(6,'Sophia Brown',22,'USA'),
(7,'Arjun Mehta',27,'India'),
(8,'Olivia Davis',24,'Canada'),
(9,'Liam Wilson',29,'USA'),
(10,'Ananya Desai',26,'India'),
(11,'Noah Taylor',31,'UK'),
(12,'Isabella Thomas',23,'USA'),
(13,'Rohan Gupta',28,'India'),
(14,'Mia Anderson',21,'Canada'),
(15,'Karan Shah',32,'India'),
(16,'Ethan Harris',34,'USA'),
(17,'Priya Nair',27,'India'),
(18,'Lucas Martin',29,'France'),
(19,'Sara Khan',26,'India'),
(20,'Daniel Lee',33,'USA'),
(21,'Aarav Joshi',24,'India'),
(22,'Vihaan Reddy',27,'India'),
(23,'Aditya Kulkarni',29,'India'),
(24,'Kabir Kapoor',26,'India'),
(25,'Ishaan Malhotra',23,'India'),
(26,'Riya Gupta',25,'India'),
(27,'Pooja Singh',28,'India'),
(28,'Neha Agarwal',30,'India'),
(29,'Simran Kaur',27,'India'),
(30,'Ankit Jain',31,'India'),
(31,'Michael Johnson',34,'USA'),
(32,'William Brown',29,'USA'),
(33,'James Garcia',33,'USA'),
(34,'Robert Martinez',36,'USA'),
(35,'David Anderson',28,'USA'),
(36,'Jennifer Moore',26,'USA'),
(37,'Linda Jackson',32,'USA'),
(38,'Elizabeth White',27,'USA'),
(39,'Patricia Harris',35,'USA'),
(40,'Barbara Clark',31,'USA'),
(41,'Oliver Walker',28,'UK'),
(42,'George Hall',30,'UK'),
(43,'Harry Allen',26,'UK'),
(44,'Jack Young',29,'UK'),
(45,'Charlie King',27,'UK'),
(46,'Amelia Wright',25,'UK'),
(47,'Isla Scott',24,'UK'),
(48,'Emily Green',28,'UK'),
(49,'Sophie Adams',31,'UK'),
(50,'Jessica Baker',29,'UK'),
(51,'Lucas Dubois',30,'France'),
(52,'Hugo Moreau',27,'France'),
(53,'Louis Laurent',32,'France'),
(54,'Emma Lefevre',26,'France'),
(55,'Chloe Martin',28,'France'),
(56,'Camille Bernard',25,'France'),
(57,'Leo Petit',29,'France'),
(58,'Nathan Robert',31,'France'),
(59,'Sarah Richard',27,'France'),
(60,'Julie Durand',33,'France'),
(61,'Liam O Connor',34,'Ireland'),
(62,'Noah Murphy',28,'Ireland'),
(63,'Conor Kelly',30,'Ireland'),
(64,'Aoife Byrne',26,'Ireland'),
(65,'Saoirse Ryan',27,'Ireland'),
(66,'Jack Walsh',29,'Ireland'),
(67,'Emily O Neill',31,'Ireland'),
(68,'Daniel Doyle',32,'Ireland'),
(69,'Grace Nolan',25,'Ireland'),
(70,'Eoin McCarthy',33,'Ireland'),
(71,'Arjun Nair',28,'India'),
(72,'Kavya Iyer',24,'India'),
(73,'Meera Menon',27,'India'),
(74,'Rohit Shetty',35,'India'),
(75,'Siddharth Roy',29,'India'),
(76,'Tanvi Deshpande',26,'India'),
(77,'Yash Patwardhan',30,'India'),
(78,'Aishwarya Pillai',25,'India'),
(79,'Varun Bhatia',32,'India'),
(80,'Deepika Shetty',28,'India'),
(81,'Ethan Walker',29,'Canada'),
(82,'Mason Hall',31,'Canada'),
(83,'Logan Allen',27,'Canada'),
(84,'Lucas Young',28,'Canada'),
(85,'Ava Scott',26,'Canada'),
(86,'Sophia Green',24,'Canada'),
(87,'Isabella Adams',30,'Canada'),
(88,'Mia Baker',27,'Canada'),
(89,'Charlotte Nelson',29,'Canada'),
(90,'Amelia Carter',32,'Canada'),
(91,'Noah Perez',33,'USA'),
(92,'Liam Torres',28,'USA'),
(93,'Elijah Rivera',30,'USA'),
(94,'James Cooper',34,'USA'),
(95,'Benjamin Ward',27,'USA'),
(96,'Alexander Cox',31,'USA'),
(97,'Henry Diaz',29,'USA'),
(98,'Sebastian Reed',26,'USA'),
(99,'Jack Brooks',28,'USA'),
(100,'Owen Bell',32,'USA');


-- Data Of ratings Table : 


INSERT INTO ratings (user_id, movie_id, rating, rating_date) VALUES
(1,1,4.8,'2023-01-10'),
(2,1,4.9,'2023-01-12'),
(3,2,4.2,'2023-01-15'),
(4,3,4.7,'2023-01-18'),
(5,4,4.5,'2023-01-20'),
(6,5,4.9,'2023-01-22'),
(7,6,4.6,'2023-01-25'),
(8,7,4.7,'2023-01-28'),
(9,8,3.8,'2023-02-01'),
(10,9,4.6,'2023-02-02'),
(11,10,4.9,'2023-02-03'),
(12,11,4.5,'2023-02-05'),
(13,12,4.4,'2023-02-07'),
(14,13,4.3,'2023-02-10'),
(15,14,4.6,'2023-02-12'),
(16,15,4.8,'2023-02-15'),
(17,16,4.7,'2023-02-18'),
(18,17,4.5,'2023-02-20'),
(19,18,4.9,'2023-02-22'),
(20,19,4.6,'2023-02-25'),
(21,20,5.0,'2023-03-01'),
(22,21,4.8,'2023-03-03'),
(23,22,4.9,'2023-03-05'),
(24,23,4.7,'2023-03-07'),
(25,24,4.5,'2023-03-09'),
(26,25,4.4,'2023-03-11'),
(27,26,4.6,'2023-03-13'),
(28,27,4.7,'2023-03-15'),
(29,28,4.3,'2023-03-17'),
(30,29,4.8,'2023-03-20'),
(31,30,4.9,'2023-03-22'),
(32,31,4.6,'2023-03-24'),
(33,32,4.7,'2023-03-26'),
(34,33,4.5,'2023-03-28'),
(35,34,4.8,'2023-03-30'),
(36,35,4.4,'2023-04-01'),
(37,36,4.2,'2023-04-03'),
(38,37,4.6,'2023-04-05'),
(39,38,4.7,'2023-04-07'),
(40,39,4.5,'2023-04-10'),
(41,40,4.6,'2023-04-12'),
(42,41,4.3,'2023-04-14'),
(43,42,4.5,'2023-04-16'),
(44,43,4.7,'2023-04-18'),
(45,44,4.2,'2023-04-20'),
(46,45,4.8,'2023-04-22'),
(47,46,4.6,'2023-04-24'),
(48,47,4.7,'2023-04-26'),
(49,48,4.5,'2023-04-28'),
(50,49,4.6,'2023-04-30'),
(51,1,4.7,'2023-05-01'),
(52,2,4.6,'2023-05-02'),
(53,3,4.8,'2023-05-03'),
(54,4,4.5,'2023-05-04'),
(55,5,4.9,'2023-05-05'),
(11,10,4.9,'2023-02-03'),
(12,11,4.5,'2023-02-05'),
(13,12,4.4,'2023-02-07'),
(14,13,4.3,'2023-02-10'),
(15,14,4.6,'2023-02-12'),
(16,15,4.8,'2023-02-15'),
(17,16,4.7,'2023-02-18'),
(18,17,4.5,'2023-02-20'),
(19,18,4.9,'2023-02-22'),
(20,19,4.6,'2023-02-25'),
(21,20,5.0,'2023-03-01'),
(22,21,4.8,'2023-03-03'),
(23,22,4.9,'2023-03-05'),
(24,23,4.7,'2023-03-07'),
(25,24,4.5,'2023-03-09'),
(26,25,4.4,'2023-03-11'),
(27,26,4.6,'2023-03-13'),
(28,27,4.7,'2023-03-15'),
(29,28,4.3,'2023-03-17'),
(30,29,4.8,'2023-03-20'),
(31,30,4.9,'2023-03-22'),
(32,31,4.6,'2023-03-24'),
(33,32,4.7,'2023-03-26'),
(34,33,4.5,'2023-03-28'),
(35,34,4.8,'2023-03-30'),
(36,35,4.4,'2023-04-01'),
(37,36,4.2,'2023-04-03'),
(38,37,4.6,'2023-04-05'),
(39,38,4.7,'2023-04-07'),
(40,39,4.5,'2023-04-10'),
(41,40,4.6,'2023-04-12'),
(42,41,4.3,'2023-04-14'),
(43,42,4.5,'2023-04-16'),
(44,43,4.7,'2023-04-18'),
(45,44,4.2,'2023-04-20'),
(46,45,4.8,'2023-04-22'),
(47,46,4.6,'2023-04-24'),
(48,47,4.7,'2023-04-26'),
(49,48,4.5,'2023-04-28'),
(50,49,4.6,'2023-04-30'),
(51,1,4.7,'2023-05-01'),
(52,2,4.6,'2023-05-02'),
(53,3,4.8,'2023-05-03'),
(54,4,4.5,'2023-05-04'),
(55,5,4.9,'2023-05-05');